objectid,lad16cd,lad16nm,lad16nmw,bng_e,bng_n,long,lat,st_areasha,st_lengths,population,households,single,double,treble,quadruple,quintuple_plus,household_size
1,E06000001,Hartlepool,Hartlepool,447157,531476,-1.27023005,54.67615891,94110514.79,60466.16928,91091,40434,13392,13478,6629,4759,13478,2.3
2,E06000002,Middlesbrough,Middlesbrough,451141,516887,-1.21098995,54.5446701,54147348.42,38202.12355,136156,57203,17708,18554,9221,7220,18554,2.4
3,E06000003,Redcar and Cleveland,Redcar and Cleveland,464359,519597,-1.00610995,54.56752014,244741605.9,85692.52037,133929,59605,18735,21165,9738,7119,21165,2.2
4,E06000004,Stockton-on-Tees,Stockton-on-Tees,444937,518183,-1.30668998,54.55691147,204384144.5,99766.35835,187959,79159,21986,27938,13583,10704,27938,2.4
5,E06000005,Darlington,Darlington,428029,515649,-1.56834996,54.5353508,197790116.5,97801.40112,104111,46670,15101,16657,7191,5352,16657,2.2
6,E06000006,Halton,Halton,354246,382146,-2.68852997,53.33423996,79308740.02,68021.02914,124874,53312,15833,17938,9272,7130,17938,2.3
7,E06000007,Warrington,Warrington,362744,388456,-2.56167006,53.39162827,180911464,83609.5493,198828,85140,24534,29885,14347,11868,29885,2.3
8,E06000008,Blackburn with Darwen,Blackburn with Darwen,369490,422806,-2.46359992,53.70080185,137215989.5,58842.18631,145827,57353,17419,17082,8808,7307,17082,2.5
9,E06000009,Blackpool,Blackpool,332763,436633,-3.02284002,53.8216095,34827588.28,32514.03484,137960,64367,24446,20833,9345,6399,20833,2.1
10,E06000010,"Kingston upon Hull, City of","Kingston upon Hull, City of",511894,431716,-0.30379999,53.76979065,70885135.21,53983.40369,252748,112596,39788,35562,17174,13273,35562,2.2
11,E06000011,East Riding of Yorkshire,East Riding of Yorkshire,488051,443608,-0.66202998,53.88122177,2407221454,410037.6793,326951,143032,39276,57418,21535,18017,57418,2.3
12,E06000012,North East Lincolnshire,North East Lincolnshire,523454,404574,-0.13926999,53.52336121,191651635.7,78677.40356,157786,69707,21793,25134,10699,8239,25134,2.3
13,E06000013,North Lincolnshire,North Lincolnshire,497798,410996,-0.52410001,53.58644867,847627679.4,217756.9877,165871,70684,19420,26503,11570,8983,26503,2.3
14,E06000014,York,York,460864,452589,-1.07375002,53.96582031,272378485.6,91475.57877,190392,83552,25224,31228,12414,9977,31228,2.3
15,E06000015,Derby,Derby,435609,335375,-1.47188997,52.91463852,78716686.71,44251.82092,244625,102271,31578,33604,15537,13438,33604,2.4
16,E06000016,Leicester,Leicester,458946,304594,-1.13039994,52.63592148,73219225.4,43322.0092,321527,123125,36951,33618,19422,17970,33618,2.6
17,E06000017,Rutland,Rutland,492992,308655,-0.62629998,52.66764832,394335821.2,102442.907,34252,15002,4111,6089,2217,1845,6089,2.3
18,E06000018,Nottingham,Nottingham,456082,339969,-1.16666996,52.9541893,74613901.75,53137.48223,289738,126131,45617,38283,18679,12803,38283,2.3
19,E06000019,"Herefordshire, County of","Herefordshire, County of",349434,242834,-2.73931003,52.08153915,2179872827,307320.4148,180595,78319,22540,29968,11451,9772,29968,2.3
20,E06000020,Telford and Wrekin,Telford and Wrekin,367035,313057,-2.48940992,52.71416855,289735502.2,103706.8646,164440,66608,16793,23691,11579,9372,23691,2.5
21,E06000021,Stoke-on-Trent,Stoke-on-Trent,389438,346652,-2.15888,53.01707077,92923140.65,55228.9959,246075,107575,35357,35631,17258,12549,35631,2.3
22,E06000022,Bath and North East Somerset,Bath and North East Somerset,366217,161999,-2.48654008,51.35604095,350362598.9,119129.2864,169977,73515,22535,26034,10483,9959,26034,2.3
23,E06000023,"Bristol, City of","Bristol, City of",359990,174846,-2.57742,51.47114944,109949118.6,75739.91643,418814,182747,61607,60565,26593,21192,60565,2.3
24,E06000024,North Somerset,North Somerset,347613,166719,-2.75439,51.39707184,374373128.5,127710.4357,199225,88227,27115,33000,12468,11081,33000,2.3
25,E06000025,South Gloucestershire,South Gloucestershire,367559,183196,-2.46921992,51.54671097,497124886.2,130594.0747,258207,107538,28554,38898,17056,16507,38898,2.4
26,E06000026,Plymouth,Plymouth,249944,58255,-4.1129899,50.40494156,80529015.45,68958.72913,251100,109307,34317,38502,16644,12859,38502,2.3
27,E06000027,Torbay,Torbay,289730,64608,-3.5552299,50.4708786,63543663.16,62087.58198,127908,59010,20192,21959,7953,5879,21959,2.2
28,E06000028,Bournemouth,Bournemouth,410069,93928,-1.85863996,50.7448616,46035444.47,42211.26646,179138,82374,30390,27575,11034,8664,27575,2.2
29,E06000029,Poole,Poole,403393,93466,-1.95326996,50.74077988,65518452.02,59201.92127,145103,63530,19134,23517,9589,7772,23517,2.3
30,E06000030,Swindon,Swindon,418551,186564,-1.73367,51.57762909,230230866,89035.80112,207858,88360,26143,30472,14261,11989,30472,2.4
31,E06000031,Peterborough,Peterborough,517372,300777,-0.26874,52.5921402,344276801.6,103711.0164,181827,74023,21252,24505,11997,9868,24505,2.5
32,E06000032,Luton,Luton,508606,222559,-0.42319,51.89102173,43625821.88,32658.75737,201549,74293,20319,20641,12413,10617,20641,2.7
33,E06000033,Southend-on-Sea,Southend-on-Sea,587776,186833,0.70690602,51.54914093,41930688.62,37894.51905,171489,74678,24386,24848,11186,9501,24848,2.3
34,E06000034,Thurrock,Thurrock,562126,181586,0.33490199,51.5099411,162672154.3,79810.20224,157072,62353,16368,19584,11128,10184,19584,2.5
35,E06000035,Medway,Medway,578207,175196,0.563173,51.44770813,193922295.8,148277.8687,259988,106209,29434,34837,18384,15493,34837,2.4
36,E06000036,Bracknell Forest,Bracknell Forest,488169,168792,-0.73363,51.41130066,109196390.4,59925.57243,110512,45878,12707,15522,7648,7185,15522,2.4
37,E06000037,West Berkshire,West Berkshire,450575,172095,-1.27364004,51.44559097,703013629.1,150996.6583,150878,62340,16123,22607,10190,9502,22607,2.4
38,E06000038,Reading,Reading,470226,173154,-0.99071002,51.45301819,40472033.59,33425.0782,151330,62869,19237,20410,9955,8066,20410,2.4
39,E06000039,Slough,Slough,498920,179246,-0.57617003,51.50350189,32489520.04,39910.69697,139697,50766,14447,12370,8563,7812,12370,2.8
40,E06000040,Windsor and Maidenhead,Windsor and Maidenhead,492079,176541,-0.67540997,51.48033905,197250935.1,108783.3381,141065,58349,16554,19740,9227,8683,19740,2.4
41,E06000041,Wokingham,Wokingham,476624,169902,-0.89934999,51.42295837,179707145.6,80125.62045,151740,60332,14084,21502,10094,10397,21502,2.5
42,E06000042,Milton Keynes,Milton Keynes,486408,242308,-0.74070001,52.07241058,308550107.7,93568.55345,246715,98584,25546,32859,17221,14896,32859,2.5
43,E06000043,Brighton and Hove,Brighton and Hove,530279,106849,-0.15079001,50.84648895,82903137.11,53956.4624,266059,121540,44294,39817,17285,13244,39817,2.2
44,E06000044,Portsmouth,Portsmouth,465607,101357,-1.07023001,50.80804825,40653124.7,50970.27009,200052,85473,27471,27470,13514,10686,27470,2.3
45,E06000045,Southampton,Southampton,442253,113608,-1.40024996,50.92037964,50490522.18,43734.45208,228459,98254,33241,31029,14638,11705,31029,2.3
46,E06000046,Isle of Wight,Isle of Wight,447186,85950,-1.33361995,50.67129898,380472816.5,144954.4722,133713,61085,19957,23439,8333,6208,23439,2.2
47,E06000047,County Durham,County Durham,410381,532242,-1.8405,54.68513107,2232079577,281123.8644,500288,223803,70007,80984,36607,26074,80984,2.2
48,E06000049,Cheshire East,Cheshire East,380510,363462,-2.29298997,53.1679306,1168829443,256709.564,365065,159441,47328,57990,25266,20969,57990,2.3
49,E06000050,Cheshire West and Chester,Cheshire West and Chester,353097,363145,-2.70298004,53.1633606,914411387.2,248558.8988,326236,141442,41841,51108,22381,18383,51108,2.3
50,E06000051,Shropshire,Shropshire,350227,302960,-2.73667002,52.6221199,3196283326,507067.9333,298183,129674,37540,49377,19083,16308,49377,2.3
51,E06000052,Cornwall,Cornwall,212501,64494,-4.64248991,50.45022964,3551185066,790566.1452,523432,230389,69269,87823,33313,26863,87823,2.3
52,E06000053,Isles of Scilly,Isles of Scilly,91327,11447,-6.3021698,49.92332077,15775826.83,69054.6339,2123,989,336,378,122,114,378,2.1
53,E06000054,Wiltshire,Wiltshire,405209,158863,-1.92660999,51.32883072,3255509302,367789.772,457954,194194,51845,74250,30011,26671,74250,2.4
54,E06000055,Bedford,Bedford,505721,256463,-0.45462999,52.19628143,475130655.2,122777.2417,154536,63812,18396,21264,10534,8697,21264,2.4
55,E06000056,Central Bedfordshire,Central Bedfordshire,504615,234492,-0.47753999,51.99903107,716309105,213741.9059,252120,104399,27030,37399,17957,15702,37399,2.4
56,E06000048,Northumberland,Northumberland,395323,600699,-2.07521009,55.30036926,5026632469,503166.1845,310591,138534,41406,53502,20775,16422,53502,2.2
57,E07000004,Aylesbury Vale,Aylesbury Vale,477330,223021,-0.87746,51.90037918,903260608.3,217172.821,170651,69406,17612,25130,11111,10545,25130,2.5
58,E07000005,Chiltern,Chiltern,495432,198692,-0.62111998,51.67890167,197060319.7,79081.78879,91871,36946,9179,13075,5858,6131,13075,2.5
59,E07000006,South Bucks,South Bucks,498198,185455,-0.58484,51.55944061,141009970.1,77130.91551,65819,26514,7136,8966,4176,4038,8966,2.5
60,E07000007,Wycombe,Wycombe,482477,197052,-0.80883002,51.66619873,324642970,103574.8214,168958,67861,18138,23308,10326,10273,23308,2.5
61,E07000008,Cambridge,Cambridge,545420,257901,0.126436,52.20016861,41281108.19,32837.28646,107345,46714,15848,14791,7161,5721,14791,2.3
62,E07000009,East Cambridgeshire,East Cambridgeshire,555577,275765,0.28316301,52.35787964,652457150.3,178227.1979,83056,34614,8893,12958,5577,5103,12958,2.4
63,E07000010,Fenland,Fenland,536361,294959,0.009016,52.53543854,546598396.2,146795.2145,93934,40620,11576,15575,6137,4907,15575,2.3
64,E07000011,Huntingdonshire,Huntingdonshire,521010,274271,-0.22466999,52.35316849,913413122.6,204825.7531,166952,69333,17691,26076,11000,10238,26076,2.4
65,E07000012,South Cambridgeshire,South Cambridgeshire,543295,247586,0.091017,52.1080513,902298895,236178.9397,146779,59960,14772,22332,9351,9555,22332,2.4
66,E07000026,Allerdale,Allerdale,317516,532995,-3.28096008,54.68523026,1256089925,254588.5823,94970,42345,13169,15710,6196,5199,15710,2.2
67,E07000027,Barrow-in-Furness,Barrow-in-Furness,321750,474171,-3.19975996,54.15737152,76987524.26,96658.49469,68392,31224,10791,10657,4744,3611,10657,2.2
68,E07000028,Carlisle,Carlisle,348444,565195,-2.80704999,54.97867966,1038322611,226838.9516,106138,48342,16423,17028,6939,5709,17028,2.2
69,E07000029,Copeland,Copeland,310871,508741,-3.37664008,54.46619034,738107037.6,183844.4864,69312,30536,9308,11198,4640,3768,11198,2.3
70,E07000030,Eden,Eden,359636,526396,-2.62678003,54.63106918,2158044677,247832.9478,51613,23043,6958,9028,3122,2806,9028,2.2
71,E07000031,South Lakeland,South Lakeland,349265,489554,-2.78108001,54.29906845,1552797428,318331.4939,100514,46552,15091,18509,5964,5028,18509,2.2
72,E07000032,Amber Valley,Amber Valley,436166,348084,-1.46219003,53.02883911,265296237.2,92060.3175,121167,52596,14658,20280,8233,6802,20280,2.3
73,E07000033,Bolsover,Bolsover,448666,371548,-1.27227998,53.23875046,160658252.2,85387.32473,75251,32801,9521,12197,5337,4021,12197,2.3
74,E07000034,Chesterfield,Chesterfield,440049,373359,-1.40114999,53.25574875,65928286.45,45533.23161,102681,46796,15412,16996,7097,5203,16996,2.2
75,E07000035,Derbyshire Dales,Derbyshire Dales,419697,358493,-1.70711005,53.1232605,796585209.1,214807.8207,69562,30744,8899,12289,4173,3810,12289,2.3
76,E07000036,Erewash,Erewash,443721,338063,-1.35090005,52.9382019,109041412.9,63722.72309,110939,48692,14164,18141,8038,6139,18141,2.3
77,E07000037,High Peak,High Peak,410474,387660,-1.84397995,53.38568878,538585702.2,145819.8915,89867,38946,11362,14259,6043,5215,14259,2.3
78,E07000038,North East Derbyshire,North East Derbyshire,437369,362955,-1.44253004,53.16242981,275890607.4,138446.4489,98240,43070,12158,16643,6799,5570,16643,2.3
79,E07000039,South Derbyshire,South Derbyshire,431434,325365,-1.53494,52.82492065,337613291.7,142646.1513,93133,38992,10059,14598,6486,5587,14598,2.4
80,E07000040,East Devon,East Devon,313775,96055,-3.22380996,50.75764847,814577378.7,178649.1453,129528,59071,18269,24150,7479,6318,24150,2.2
81,E07000041,Exeter,Exeter,293236,92003,-3.51372004,50.71780014,47187408.15,36387.39573,111808,49242,16555,16572,7042,5922,16572,2.3
82,E07000042,Mid Devon,Mid Devon,288064,108911,-3.59211993,50.86882019,911669760.7,218022.5554,76866,32758,8995,12585,4895,4212,12585,2.3
83,E07000043,North Devon,North Devon,265110,132524,-3.92690992,51.07612991,1086836338,236533.418,91592,40001,11846,15343,5620,4746,15343,2.3
84,E07000044,South Hams,South Hams,270677,54033,-3.81994009,50.37192154,885119454.7,350139.1736,81805,36858,11242,14754,4887,4147,14754,2.2
85,E07000045,Teignbridge,Teignbridge,283069,80251,-3.65395999,50.61019897,673975192.5,154697.7709,121337,54003,16222,21121,7600,6300,21121,2.2
86,E07000046,Torridge,Torridge,244206,114405,-4.21730995,50.90802002,985383270.2,244327.3208,62887,27986,8402,11156,3746,3119,11156,2.2
87,E07000047,West Devon,West Devon,256379,86998,-4.03356981,50.66487885,1161329154,215746.2927,51914,22725,6414,9260,3044,2709,9260,2.3
88,E07000048,Christchurch,Christchurch,413093,96313,-1.81570005,50.76625061,50135239.12,51150.07611,47298,21475,6856,8396,2703,2414,8396,2.2
89,E07000049,East Dorset,East Dorset,401685,109966,-1.97739995,50.8891716,355460103,125189.5065,86193,37564,9820,15987,5193,4648,15987,2.3
90,E07000050,North Dorset,North Dorset,381794,113407,-2.26037002,50.91981888,608406787.3,143444.7352,65572,28670,8095,11492,4020,3485,11492,2.3
91,E07000051,Purbeck,Purbeck,391183,88321,-2.12617993,50.69445038,404750549.1,169083.5654,44334,19583,5699,7825,2699,2296,7825,2.3
92,E07000052,West Dorset,West Dorset,357765,99663,-2.60061002,50.79497147,1083855508,253268.9477,96596,44386,14161,17794,5733,4585,17794,2.2
93,E07000053,Weymouth and Portland,Weymouth and Portland,368175,81510,-2.45133996,50.63240051,42229711.35,65129.52443,63373,28535,9138,10699,4076,3089,10699,2.2
94,E07000061,Eastbourne,Eastbourne,559351,99605,0.258699,50.77413177,44333899.2,31994.57776,96968,45012,16298,15808,5959,4579,15808,2.2
95,E07000062,Hastings,Hastings,581599,110745,0.57942897,50.8676796,30362428.84,29405.49092,88562,41159,15781,13369,5696,3890,13369,2.2
96,E07000063,Lewes,Lewes,541474,105685,0.007671,50.83340836,292533207.6,123906.5109,95880,42181,12744,15853,6074,5165,15853,2.3
97,E07000064,Rother,Rother,578730,119663,0.543064,50.94868088,512601986.7,152442.1127,88149,40877,13889,15959,5065,3768,15959,2.2
98,E07000065,Wealden,Wealden,555048,117173,0.205153,50.93315887,834753995.9,183186.6481,146039,62676,17279,24503,8934,8222,24503,2.3
99,E07000066,Basildon,Basildon,571548,190848,0.47505501,51.59035873,110566232,61212.02743,173372,72746,21480,24094,11812,10564,24094,2.4
100,E07000067,Braintree,Braintree,577253,227335,0.57591099,51.91633987,611511794.8,144949.865,145463,61043,16537,22087,9914,8726,22087,2.4
101,E07000068,Brentwood,Brentwood,558560,196070,0.29009101,51.64107895,153031159.1,65041.62595,72789,30646,8853,10458,4715,4738,10458,2.4
102,E07000069,Castle Point,Castle Point,579490,187921,0.58808398,51.56159973,44385499.73,54459.77403,87385,36440,9524,13588,5770,5170,13588,2.4
103,E07000070,Chelmsford,Chelmsford,572115,206972,0.49116299,51.73503113,342453176.5,104105.2788,166182,69667,19138,24829,11029,10339,24829,2.4
104,E07000071,Colchester,Colchester,596944,223692,0.85977602,51.87701035,332398764.3,160118.2773,167080,71634,20849,25631,11291,9661,25631,2.3
105,E07000072,Epping Forest,Epping Forest,548919,203758,0.154147,51.71279144,338953315.1,110167.3859,123623,51991,15285,17318,8406,7595,17318,2.4
106,E07000073,Harlow,Harlow,545276,209589,0.103888,51.76613998,30520204.73,24757.03706,81551,34620,10599,11168,5808,4828,11168,2.4
107,E07000074,Maldon,Maldon,591460,212199,0.773857,51.77571106,357574832.8,208111.5161,61097,25817,6923,9731,3941,3684,9731,2.4
108,E07000075,Rochford,Rochford,585981,191420,0.68347299,51.59093094,168957444.8,141843.6809,82736,33564,8112,12425,5288,5465,12425,2.5
109,E07000076,Tendring,Tendring,614203,222163,1.10918295,51.85692978,336746249,174058.0382,135867,62105,20545,23752,8243,6232,23752,2.2
110,E07000077,Uttlesford,Uttlesford,557832,228865,0.294485,51.93592072,640245824.9,149901.7598,78295,31316,7372,11409,5056,5136,11409,2.5
111,E07000078,Cheltenham,Cheltenham,394925,222232,-2.07515001,51.89860916,46496280.93,33217.33593,112148,50929,17735,17716,6822,5921,17716,2.2
112,E07000079,Cotswold,Cotswold,402125,208209,-1.97059,51.77254868,1164247621,296111.558,81319,36236,10959,14134,4917,4395,14134,2.2
113,E07000080,Forest of Dean,Forest of Dean,367175,212759,-2.47755003,51.81248856,525444310.8,171426.9091,80040,34167,9226,13393,5073,4390,13393,2.3
114,E07000081,Gloucester,Gloucester,384071,216449,-2.23263001,51.84640884,40907386.85,28568.95173,119955,50363,14695,17072,8183,6971,17072,2.4
115,E07000082,Stroud,Stroud,378806,202410,-2.30819988,51.72000885,460955057,152639.8999,111503,47794,13472,18175,6771,6504,18175,2.3
116,E07000083,Tewkesbury,Tewkesbury,386347,226279,-2.19998002,51.93484879,415160713.6,182806.2379,81053,35126,9858,13628,5135,4602,13628,2.3
117,E07000084,Basingstoke and Deane,Basingstoke and Deane,454508,151423,-1.22020996,51.2593689,633747548.4,129024.2267,166468,69315,18298,25207,11407,10049,25207,2.4
118,E07000085,East Hampshire,East Hampshire,474404,129237,-0.93971002,51.05765152,514564088.8,132655.03,113394,47258,12182,17858,7353,6906,17858,2.4
119,E07000086,Eastleigh,Eastleigh,447202,116802,-1.32942998,50.94871902,79880656.3,59650.74544,124266,52177,13934,19150,8428,7654,19150,2.4
120,E07000087,Fareham,Fareham,453774,106324,-1.23741996,50.85393143,74736668.81,51512.30337,110125,46579,11814,18320,7461,6507,18320,2.4
121,E07000088,Gosport,Gosport,458773,101094,-1.16725004,50.80641174,25233900.03,31555.79397,81766,35430,10566,12879,5516,4309,12879,2.3
122,E07000089,Hart,Hart,477985,154240,-0.88321,51.28197098,215016887.2,70273.25412,89369,35510,7961,12987,5929,6224,12987,2.5
123,E07000090,Havant,Havant,470177,108563,-1.00399995,50.87229919,55438404.27,73589.27449,119422,51311,14675,19352,7797,6230,19352,2.3
124,E07000091,New Forest,New Forest,428999,106521,-1.58936,50.85747147,753474566.3,199484.0841,173491,76839,22210,30783,10849,9194,30783,2.3
125,E07000092,Rushmoor,Rushmoor,486022,153944,-0.76806998,51.27814865,38953501.22,28059.19115,91890,36344,9291,11943,6269,5847,11943,2.5
126,E07000093,Test Valley,Test Valley,434930,137329,-1.50214005,51.13417053,628380727.9,169594.4146,114478,47626,11855,18527,7344,7010,18527,2.4
127,E07000094,Winchester,Winchester,453115,125901,-1.24392998,51.03002167,660591778.8,151932.6111,111542,46865,12837,17404,6713,6846,17404,2.4
128,E07000095,Broxbourne,Broxbourne,534742,204251,-0.05073,51.72079849,51356683.36,35975.49408,93267,37658,10070,12104,6551,6211,12104,2.5
129,E07000096,Dacorum,Dacorum,500084,208745,-0.55097997,51.76845169,211576595.1,101907.1792,142845,59938,17275,20364,9520,8941,20364,2.4
130,E07000098,Hertsmere,Hertsmere,519774,199352,-0.26899001,51.68016815,100508254.4,54885.68886,98478,39778,11148,12427,6598,6479,12427,2.5
131,E07000099,North Hertfordshire,North Hertfordshire,522192,230256,-0.22314,51.95737839,373809458.9,151944.364,125817,53426,15494,18605,8435,7688,18605,2.4
132,E07000102,Three Rivers,Three Rivers,507313,196418,-0.45005,51.65631866,88944088.22,68506.26493,86324,35108,9738,11341,5709,5747,11341,2.5
133,E07000103,Watford,Watford,510441,198197,-0.40428999,51.67169952,21449369.23,23378.11252,89565,36681,11392,11029,5838,5226,11029,2.4
134,E07000105,Ashford,Ashford,597640,140644,0.82337397,51.13095856,580811620.4,133496.8816,116993,47787,12242,17251,7824,6955,17251,2.4
135,E07000106,Canterbury,Canterbury,616026,158096,1.09625697,51.28102875,309147303.7,100822.5236,142562,60771,18085,21695,8932,7743,21695,2.3
136,E07000107,Dartford,Dartford,556167,172917,0.245276,51.43373108,72954202,48102.24256,96376,40081,11643,13168,6498,5987,13168,2.4
137,E07000108,Dover,Dover,628967,150940,1.27692902,51.21173859,314895217.3,119353.0873,109462,48310,15276,17629,7234,5231,17629,2.3
138,E07000109,Gravesham,Gravesham,566969,169115,0.39874399,51.39649963,98987108.55,53919.73386,100976,40431,11131,13015,6732,5978,13015,2.5
139,E07000110,Maidstone,Maidstone,580489,151670,0.58406103,51.23566055,393510174.8,108542.0613,152445,63447,16452,23572,10266,9203,23572,2.4
140,E07000111,Sevenoaks,Sevenoaks,552776,155218,0.188936,51.27563095,369679537.8,118868.9215,113622,47020,12697,16663,7188,7345,16663,2.4
141,E07000112,Shepway,Shepway,610318,134597,1.00079596,51.07215118,357304052.9,136667.5123,106151,47379,15791,16985,6661,4881,16985,2.2
142,E07000113,Swale,Swale,593761,161976,0.77952999,51.32387161,374235033.1,198126.8084,133380,55585,15128,19815,9266,7531,19815,2.4
143,E07000114,Thanet,Thanet,631844,166753,1.32829797,51.35253143,103503205,49955.93487,131755,59513,20646,20566,8516,6281,20566,2.2
144,E07000115,Tonbridge and Malling,Tonbridge and Malling,564014,153898,0.34930599,51.26063919,240872552.2,98327.46148,119401,48140,11553,17521,7955,7748,17521,2.5
145,E07000116,Tunbridge Wells,Tunbridge Wells,573139,136599,0.471632,51.10253906,332066717.7,126470.914,112622,47174,13687,16342,7203,6467,16342,2.4
146,E07000117,Burnley,Burnley,384886,430882,-2.23079991,53.7740593,111019834.4,52540.58575,86117,37550,12506,12312,6028,4151,12312,2.3
147,E07000118,Chorley,Chorley,359189,419724,-2.61921,53.67240143,202492557.9,82595.87578,104277,44919,12724,16445,7493,5942,16445,2.3
148,E07000119,Fylde,Fylde,339562,433812,-2.91901994,53.79710007,164783715.5,83774.63143,74035,34885,12328,12812,4816,3495,12812,2.1
149,E07000120,Hyndburn,Hyndburn,374407,428971,-2.38964009,53.75648117,73163670.26,38630.9896,80088,34341,11061,11449,5336,3990,11449,2.3
150,E07000121,Lancaster,Lancaster,356896,464988,-2.66030002,54.07901001,574219004.5,226548.2387,129433,34341,18838,20790,8281,6734,20790,2.2
151,E07000122,Pendle,Pendle,387637,443368,-2.18956995,53.88636017,169252551.3,72089.55778,88846,37348,12088,12382,5399,4184,12382,2.4
152,E07000123,Preston,Preston,352820,436429,-2.71816993,53.82199097,142611839.5,71795.86146,134392,57567,19835,17505,8486,7154,17505,2.3
153,E07000124,Ribble Valley,Ribble Valley,372687,447676,-2.41739988,53.92449951,584980099.6,137669.1531,55951,24045,6948,8773,3646,3336,8773,2.3
154,E07000125,Rossendale,Rossendale,382827,420955,-2.26149011,53.68478012,137243852.6,65615.36938,67262,29058,8988,10046,4655,3507,10046,2.3
155,E07000126,South Ribble,South Ribble,352016,425840,-2.72872996,53.72674942,113075312.5,78665.39032,108225,46102,12453,17059,7982,6145,17059,2.3
156,E07000127,West Lancashire,West Lancashire,342611,413268,-2.8689301,53.61280823,346147086.9,133989.0185,108689,45381,12226,16340,7415,6482,16340,2.4
157,E07000128,Wyre,Wyre,347227,445159,-2.80462003,53.89990997,281361253.1,144115.7819,105962,47281,14172,18449,6917,5394,18449,2.2
158,E07000129,Blaby,Blaby,454385,297994,-1.19886994,52.5770607,130317477.8,86056.58487,92894,38686,10095,14248,6322,5644,14248,2.4
159,E07000130,Charnwood,Charnwood,458365,316155,-1.13694,52.73989868,278929456.3,101567.4114,158719,66516,18658,23591,10518,9334,23591,2.4
160,E07000131,Harborough,Harborough,474549,293875,-0.90228999,52.53765869,592922758.7,152499.7639,84008,34898,8995,13099,5311,5303,13099,2.4
161,E07000132,Hinckley and Bosworth,Hinckley and Bosworth,439538,301379,-1.41754997,52.60876846,298242892.4,98438.3532,104275,45377,12771,17340,7160,5896,17340,2.3
162,E07000133,Melton,Melton,477328,323472,-0.85439998,52.80329132,480751923.1,124364.9449,49916,21490,5902,8314,3245,2901,8314,2.3
163,E07000134,North West Leicestershire,North West Leicestershire,439111,316252,-1.42209005,52.74250031,279027633.8,102605.4934,92697,39128,10587,14422,6328,5478,14422,2.4
164,E07000135,Oadby and Wigston,Oadby and Wigston,461543,299379,-1.09300005,52.58874893,23185775.85,24729.46462,53765,21339,5488,7335,3295,3316,7335,2.5
165,E07000136,Boston,Boston,526851,343953,-0.11218,52.97793961,364770803.2,134933.9976,63736,27291,7676,10297,4302,3342,10297,2.3
166,E07000137,East Lindsey,East Lindsey,534862,376106,0.020549,53.26483154,1763936680,255068.012,133400,60890,18179,25789,8197,5872,25789,2.2
167,E07000138,Lincoln,Lincoln,496347,370096,-0.55848002,53.21921158,35540927.97,30283.87846,87880,39825,13696,13661,6086,4319,13661,2.2
168,E07000139,North Kesteven,North Kesteven,502135,354788,-0.47670001,53.08058167,921880110.3,171405.8318,105980,45972,12052,18789,7100,5876,18789,2.3
169,E07000140,South Holland,South Holland,532909,322928,-0.03058,52.78757858,751098897.9,158146.7395,87409,37264,9441,15369,5695,4657,15369,2.3
170,E07000141,South Kesteven,South Kesteven,501406,328986,-0.49564999,52.84885025,942467370.3,192456.6895,132493,57344,15599,22439,9030,7425,22439,2.3
171,E07000142,West Lindsey,West Lindsey,499314,390326,-0.50774002,53.40044022,1157316509,230417.0449,87850,38385,10487,15487,5933,4535,15487,2.3
172,E07000143,Breckland,Breckland,591015,303330,0.81871599,52.59421158,1304857251,219811.0353,127632,54519,14150,22132,8278,6765,22132,2.3
173,E07000144,Broadland,Broadland,619865,315909,1.25233197,52.6962204,554413150,181569.3832,122931,53336,14087,21632,8111,6999,21632,2.3
174,E07000145,Great Yarmouth,Great Yarmouth,646760,315882,1.64949596,52.68439865,173465619.5,123985.5309,96230,42079,12571,15664,6541,4846,15664,2.3
175,E07000146,King's Lynn and West Norfolk,King's Lynn and West Norfolk,571220,315805,0.53325802,52.71282959,1437533876,329941.0043,145253,62977,17116,25580,9365,7336,25580,2.3
176,E07000147,North Norfolk,North Norfolk,611083,330845,1.132195,52.83377838,964072378.2,273148.7825,99023,46046,14320,19614,5796,4328,19614,2.2
177,E07000148,Norwich,Norwich,622355,309773,1.28497899,52.64012909,38852353.28,37258.7843,127754,60319,23020,20223,8168,5929,20223,2.1
178,E07000149,South Norfolk,South Norfolk,628991,295823,1.37324798,52.51218033,908279783.5,219303.2428,122219,52809,13870,21663,7680,6896,21663,2.3
179,E07000150,Corby,Corby,487862,290681,-0.7069,52.50696945,79035990.97,56595.19286,60990,25215,6696,8717,4690,3404,8717,2.4
180,E07000151,Daventry,Daventry,467286,268437,-1.01446998,52.30994034,665202944.2,154594.3245,75886,31647,7953,12207,5001,4526,12207,2.4
181,E07000152,East Northamptonshire,East Northamptonshire,501344,287839,-0.50919998,52.47909164,509599864,146440.3952,84910,35662,9134,13821,5562,5045,13821,2.4
182,E07000153,Kettering,Kettering,483866,282852,-0.76773,52.43722916,235322919.8,84167.55352,92521,39701,11503,14375,6219,5294,14375,2.3
183,E07000154,Northampton,Northampton,476495,260539,-0.88121003,52.23775101,80597831.39,41431.20361,208463,88731,27048,30203,14010,11283,30203,2.3
184,E07000155,South Northamptonshire,South Northamptonshire,463000,247077,-1.08129001,52.11843872,634545898.6,198300.1247,84497,34717,8264,13398,5528,5433,13398,2.4
185,E07000156,Wellingborough,Wellingborough,487787,266827,-0.71425003,52.29257965,163491650,62677.02727,74583,32057,9502,11405,5065,4122,11405,2.3
186,E07000163,Craven,Craven,389514,461989,-2.16165996,54.05376053,1178385955,186302.1646,54375,24583,7651,9691,3329,2696,9691,2.2
187,E07000164,Hambleton,Hambleton,443009,490546,-1.34048998,54.30871964,1313063452,272446.3469,87321,38117,10679,14896,5811,4819,14896,2.3
188,E07000165,Harrogate,Harrogate,427473,464652,-1.58160996,54.07707977,1308358902,227761.9719,153821,67169,19340,25628,10051,8750,25628,2.3
189,E07000166,Richmondshire,Richmondshire,401039,495786,-1.98552001,54.3576088,1317556037,206884.9935,47344,20207,5239,8116,2996,2724,8116,2.3
190,E07000167,Ryedale,Ryedale,475590,478890,-0.84276998,54.20021057,1505277060,230408.1449,50611,22524,6546,9149,3122,2553,9149,2.2
191,E07000168,Scarborough,Scarborough,495797,495547,-0.52780002,54.34648895,817957887.5,216375.4542,106427,49435,16966,18655,6616,4817,18655,2.2
192,E07000169,Selby,Selby,457551,426670,-1.12908006,53.73326874,600793245.2,179282.4208,82725,34559,8533,13330,5875,4897,13330,2.4
193,E07000170,Ashfield,Ashfield,450035,355843,-1.25422001,53.09746933,110122768.3,61286.53191,118213,50931,14278,18853,8669,6429,18853,2.3
194,E07000171,Bassetlaw,Bassetlaw,468073,384835,-0.97869998,53.35604095,638728375.4,144965.8413,109979,47667,13367,18100,7683,6051,18100,2.3
195,E07000172,Broxtowe,Broxtowe,449829,341893,-1.25943995,52.9720993,80722192.59,56576.45594,108570,46820,13083,17509,7643,6194,17509,2.3
196,E07000173,Gedling,Gedling,459184,347811,-1.11907005,53.02434158,119880203.6,63014.3612,112759,49349,14641,18186,7835,6123,18186,2.3
197,E07000174,Mansfield,Mansfield,455047,363637,-1.17804003,53.16703033,76060650,47192.90208,103487,44928,13098,16302,7598,5570,16302,2.3
198,E07000175,Newark and Sherwood,Newark and Sherwood,470624,357451,-0.94643003,53.10960007,651829292,166954.2108,112526,48773,13842,18563,7555,6113,18563,2.3
199,E07000176,Rushcliffe,Rushcliffe,466606,335453,-1.01097,52.91239929,408875608.2,111749.0136,108804,45835,12464,16956,6889,6848,16956,2.4
200,E07000177,Cherwell,Cherwell,449301,221201,-1.28506005,51.8871994,587735565.5,198883.838,138916,56728,14307,20587,9470,8549,20587,2.4
201,E07000178,Oxford,Oxford,452277,206368,-1.24405003,51.75357056,45411144.61,31762.57979,133241,55375,18316,16341,8555,7316,16341,2.4
202,E07000179,South Oxfordshire,South Oxfordshire,463890,191964,-1.07846999,51.62287903,679081423,183733.0038,131483,54104,13734,19966,8390,8586,19966,2.4
203,E07000180,Vale of White Horse,Vale of White Horse,435693,195197,-1.48543,51.65443039,579879108,153766.524,118044,49407,13065,18258,7933,7177,18258,2.4
204,E07000181,West Oxfordshire,West Oxfordshire,434343,215816,-1.50292003,51.83990097,714319032.6,141044.6325,102415,43241,11412,16431,6755,6153,16431,2.4
205,E07000187,Mendip,Mendip,362238,144090,-2.54177999,51.19475937,739464203.5,177034.3761,106031,46157,13809,17069,6711,5835,17069,2.3
206,E07000188,Sedgemoor,Sedgemoor,338426,143997,-2.88250995,51.19184875,564458056.2,203929.6742,113056,48801,13844,18714,7221,6107,18714,2.3
207,E07000189,South Somerset,South Somerset,345633,120798,-2.7758801,50.98398972,958446663.5,210101.8039,157903,69501,20491,26957,9912,8346,26957,2.3
208,E07000190,Taunton Deane,Taunton Deane,318327,123470,-3.16542006,51.00479126,463424644.3,140904.6843,106852,46907,14181,17397,6934,5858,17397,2.3
209,E07000191,West Somerset,West Somerset,294768,136702,-3.50494003,51.11989975,728232890.3,162174.8745,33282,15623,5212,6432,1824,1404,6432,2.1
210,E07000192,Cannock Chase,Cannock Chase,401261,311553,-1.98276997,52.70166016,78903110.02,45738.23636,96791,40664,10940,14547,7095,5748,14547,2.4
211,E07000193,East Staffordshire,East Staffordshire,412601,326569,-1.81438005,52.8365097,390185964.9,156661.6079,111488,47251,13823,16652,7561,6031,16652,2.4
212,E07000194,Lichfield,Lichfield,416283,310967,-1.76048994,52.69615173,331570250.3,112606.9617,98893,41224,10024,16234,6754,5776,16234,2.4
213,E07000195,Newcastle-under-Lyme,Newcastle-under-Lyme,378199,345174,-2.32630992,53.00344849,211449272.9,93484.43597,119708,52574,16236,18512,8564,6513,18512,2.3
214,E07000196,South Staffordshire,South Staffordshire,389625,311037,-2.1549499,52.69691849,407906940.4,165642.6352,106157,44458,11239,16981,7213,6581,16981,2.4
215,E07000197,Stafford,Stafford,389001,327836,-2.1647501,52.84791946,597946208.8,140309.2845,127609,55703,16236,20827,8638,7147,20827,2.3
216,E07000198,Staffordshire Moorlands,Staffordshire Moorlands,400543,352443,-1.99334002,53.06924057,577099803.2,128258.4585,95860,41772,11747,16101,6497,5398,16101,2.3
217,E07000199,Tamworth,Tamworth,421455,302550,-1.68450999,52.62031174,31059261.89,27862.88582,76446,31617,8246,11227,5591,4548,11227,2.4
218,E07000200,Babergh,Babergh,599994,244657,0.91623098,52.06417847,595855125.8,155791.4791,86170,37522,10570,14748,5383,4764,14748,2.3
219,E07000201,Forest Heath,Forest Heath,572316,273586,0.52760601,52.33330917,377737215.6,133731.5408,58175,25376,7238,9669,4082,3034,9669,2.3
220,E07000202,Ipswich,Ipswich,616954,244670,1.16326702,52.05791855,39371862.65,35479.97594,131262,57298,18507,19242,9036,6959,19242,2.3
221,E07000203,Mid Suffolk,Mid Suffolk,611646,262338,1.09695303,52.21858978,869544744.7,169944.6429,95254,40306,10219,16364,5757,5599,16364,2.4
222,E07000204,St Edmundsbury,St Edmundsbury,582672,265927,0.675273,52.26118088,657477244.3,178214.6526,107942,45802,12089,17756,7094,6154,17756,2.4
223,E07000205,Suffolk Coastal,Suffolk Coastal,633247,258767,1.41014194,52.17782974,892757649.3,301097.8577,121791,53558,15645,21198,7024,6759,21198,2.3
224,E07000206,Waveney,Waveney,642301,287890,1.56323695,52.43524933,368570914.9,132508.8074,113519,50883,15745,19925,6812,5650,19925,2.2
225,E07000207,Elmbridge,Elmbridge,511882,163658,-0.39441001,51.36098099,96235543.2,45986.22362,129483,52922,14568,17450,8221,9102,17450,2.4
226,E07000208,Epsom and Ewell,Epsom and Ewell,521176,161475,-0.26172,51.33945084,34143546.04,26547.73408,74026,29784,7730,9843,4975,5168,9843,2.5
227,E07000209,Guildford,Guildford,500408,151481,-0.56256998,51.25365829,271688112.1,110501.2004,130920,53973,14422,18900,8678,8372,18900,2.4
228,E07000210,Mole Valley,Mole Valley,518377,148953,-0.30603001,51.22748947,257592608.1,91855.49063,83985,35828,10477,12732,5302,5139,12732,2.3
229,E07000211,Reigate and Banstead,Reigate and Banstead,525786,152574,-0.19870999,51.258461,128936651.6,68378.63607,134346,55423,15163,18958,8866,8777,18958,2.4
230,E07000212,Runnymede,Runnymede,501777,166979,-0.53855002,51.39273071,78143648.85,41158.26498,77346,32714,9836,10892,5156,4705,10892,2.4
231,E07000213,Spelthorne,Spelthorne,507012,169622,-0.46254,51.41551971,50580779.13,38841.22669,94837,39512,11262,13154,6677,5805,13154,2.4
232,E07000214,Surrey Heath,Surrey Heath,491362,160483,-0.68985999,51.33610153,95166678.31,48570.90326,84440,33546,7867,11953,5533,5771,11953,2.5
233,E07000215,Tandridge,Tandridge,536365,150325,-0.04805,51.23580933,248717822.7,74506.58264,80916,33342,8909,11809,5118,5272,11809,2.4
234,E07000216,Waverley,Waverley,496363,140635,-0.62343001,51.15686035,345322749.7,110932.0552,117219,49280,13698,17801,7437,7145,17801,2.4
235,E07000217,Woking,Woking,499087,157542,-0.57981998,51.30836868,63690359.16,44242.05577,98282,39467,10499,13130,6450,6280,13130,2.5
236,E07000218,North Warwickshire,North Warwickshire,425570,296399,-1.62419999,52.56483841,284001010.6,102775.0919,61468,25812,6776,9581,4338,3590,9581,2.4
237,E07000219,Nuneaton and Bedworth,Nuneaton and Bedworth,435419,289352,-1.47965002,52.50093842,78202225.4,43224.44677,124410,52711,15090,18326,9002,7034,18326,2.4
238,E07000220,Rugby,Rugby,446498,276244,-1.31827998,52.38227844,353504305.2,100953.4785,98180,41875,11784,15295,6727,5566,15295,2.3
239,E07000221,Stratford-on-Avon,Stratford-on-Avon,425019,251536,-1.63565004,52.16154099,977629048.4,230990.3793,118853,51928,14804,20139,7625,6764,20139,2.3
240,E07000222,Warwick,Warwick,428484,267113,-1.58369005,52.3014183,283629170.4,100695.1846,134590,58679,18600,20646,8406,7467,20646,2.3
241,E07000223,Adur,Adur,518065,106473,-0.32433,50.84572983,42459945.63,48382.99491,60424,26957,8553,9709,4126,3291,9709,2.2
242,E07000224,Arun,Arun,495145,105724,-0.64998001,50.84320831,221659778.2,119662.9207,145744,66706,22020,25331,8942,7162,25331,2.2
243,E07000225,Chichester,Chichester,490285,116600,-0.71630001,50.94176865,786524501.5,200939.7664,110837,49848,15948,18859,6551,5836,18859,2.2
244,E07000226,Crawley,Crawley,526390,137581,-0.19532999,51.12356949,44889212.56,35366.15636,105859,42727,12129,13275,7275,6482,13275,2.5
245,E07000227,Horsham,Horsham,513676,123839,-0.38123,51.00270844,530738236.2,143439.8463,128633,54923,15476,20234,8246,7898,20234,2.3
246,E07000228,Mid Sussex,Mid Sussex,533054,130623,-0.10272,51.05952835,333548353.2,118250.0711,137291,57409,15768,20325,9101,8678,20325,2.4
247,E07000229,Worthing,Worthing,512679,104948,-0.40127,50.83309937,32439322.07,26426.90469,102752,47044,16890,15807,6424,5565,15807,2.2
248,E07000234,Bromsgrove,Bromsgrove,399840,273736,-2.0037601,52.36169052,216624382.7,98906.28414,90833,38290,10041,14422,6062,5686,14422,2.4
249,E07000235,Malvern Hills,Malvern Hills,377465,252197,-2.33088994,52.16757965,578433122.3,203144.1123,72422,32212,9555,12754,4485,3754,12754,2.2
250,E07000236,Redditch,Redditch,403705,265253,-1.94710004,52.28541183,54543096.24,35900.85773,83745,34722,9282,12550,5709,4785,12550,2.4
251,E07000237,Worcester,Worcester,385725,255196,-2.2102499,52.1948204,33259846.28,26817.08185,96854,42042,13135,14583,6422,5341,14583,2.3
252,E07000238,Wychavon,Wychavon,398991,247839,-2.01613998,52.12886047,662753658.4,197988.4091,115545,49466,12886,19811,7496,6697,19811,2.3
253,E07000239,Wyre Forest,Wyre Forest,384106,276388,-2.23494005,52.38529968,196074415.7,88570.03463,96958,42985,12890,16289,6615,5067,16289,2.3
254,E07000100,St Albans,St Albans,514580,209623,-0.3407,51.77355957,161965217,67429.01726,139058,56140,14988,18843,8609,9494,18843,2.5
255,E07000104,Welwyn Hatfield,Welwyn Hatfield,525345,208467,-0.18517999,51.76087189,129829162.5,74691.59956,106830,43613,12533,13953,6878,6734,13953,2.4
256,E07000097,East Hertfordshire,East Hertfordshire,537995,220370,0.002739,51.86484909,475592268.7,120364.4027,135762,56577,15722,19415,8954,9026,19415,2.4
257,E07000101,Stevenage,Stevenage,524622,224531,-0.18987,51.90539169,26109583.68,24591.78196,83405,34898,10455,11019,6115,4908,11019,2.4
258,E08000001,Bolton,Bolton,368352,409873,-2.47952008,53.58449173,140450379.8,69914.99541,274855,116371,37091,37513,18430,14570,37513,2.4
259,E08000002,Bury,Bury,379658,410768,-2.30879998,53.5931015,99911697.2,61199.25968,183025,78113,24263,26003,12647,9981,26003,2.3
260,E08000003,Manchester,Manchester,384591,397063,-2.23358989,53.47008896,116221115.1,74661.40863,481030,204969,72255,61144,31456,21743,61144,2.3
261,E08000004,Oldham,Oldham,396603,406784,-2.0527401,53.55767822,141952813.1,64354.82761,223170,89703,26790,28033,15000,11280,28033,2.5
262,E08000005,Rochdale,Rochdale,390315,412326,-2.14784002,53.60741043,158454187.2,75169.11189,209552,87552,28183,27518,13687,10581,27518,2.4
263,E08000006,Salford,Salford,374556,398128,-2.38485003,53.47927094,96695812.21,58966.86381,228346,103556,37751,33517,15597,10567,33517,2.2
264,E08000007,Stockport,Stockport,391806,388264,-2.12467003,53.39115906,126028500.9,61371.1254,280915,121979,38535,41329,18868,16015,41329,2.3
265,E08000008,Tameside,Tameside,394987,397995,-2.0769999,53.47866821,102909524,47344.54146,217736,94953,31037,30941,15765,11470,30941,2.3
266,E08000009,Trafford,Trafford,375790,391162,-2.36572003,53.4167099,105982476.2,53821.51015,225277,94484,28179,31108,15335,13262,31108,2.4
267,E08000010,Wigan,Wigan,362136,402126,-2.57246995,53.51445007,187291441.6,76868.12459,315794,136386,40053,47498,23861,17953,47498,2.3
268,E08000011,Knowsley,Knowsley,344762,393778,-2.8329699,53.43788147,87529937.41,62864.05651,144990,61323,19041,18991,10794,8321,18991,2.4
269,E08000012,Liverpool,Liverpool,339361,390553,-2.91364002,53.40829849,110906199.8,56894.47878,450085,206515,80973,60213,30559,22422,60213,2.2
270,E08000013,St. Helens,St. Helens,353412,395992,-2.70309997,53.45861816,135492884.5,68703.04891,173958,75736,22694,26441,13094,9616,26441,2.3
271,E08000014,Sefton,Sefton,334264,398832,-2.99203992,53.48210144,152695544.4,100006.2367,269697,117930,37820,39735,18512,14948,39735,2.3
272,E08000015,Wirral,Wirral,329242,386937,-3.06502008,53.37453842,157739673.3,65394.92161,316384,140583,47329,46532,21818,16925,46532,2.3
273,E08000016,Barnsley,Barnsley,429979,403327,-1.54925001,53.52576828,328398334.9,114050.6091,229539,100734,29734,36871,16770,12530,36871,2.3
274,E08000017,Doncaster,Doncaster,459167,403735,-1.10894001,53.52696991,568975651.9,124584.328,297200,126487,36104,45170,20979,16425,45170,2.3
275,E08000018,Rotherham,Rotherham,447542,388980,-1.28650999,53.3955307,287359022.1,95511.36134,255334,108293,30902,38646,17826,14244,38646,2.4
276,E08000019,Sheffield,Sheffield,430511,389736,-1.54253995,53.40357971,367498051.4,119995.3187,539064,229928,73315,77370,33761,28316,77370,2.3
277,E08000021,Newcastle upon Tyne,Newcastle upon Tyne,422287,569662,-1.65296996,55.02101135,114420174.3,57897.52507,271212,117153,40337,36432,17610,13872,36432,2.3
278,E08000022,North Tyneside,North Tyneside,431471,570602,-1.50923002,55.02896118,82313413.26,53164.0179,199142,91295,30960,31879,14107,10722,31879,2.2
279,E08000023,South Tyneside,South Tyneside,435503,564057,-1.44695997,54.96987915,64680048.92,38417.36554,146729,67167,23459,22431,10798,7492,22431,2.2
280,E08000024,Sunderland,Sunderland,436470,551525,-1.43343997,54.85720062,138567238.6,76513.91821,271884,119758,38096,40549,20372,14665,40549,2.3
281,E08000025,Birmingham,Birmingham,408150,287352,-1.88141,52.48403931,267423283.7,94162.93528,1051366,410736,131200,115438,62424,50272,115438,2.6
282,E08000026,Coventry,Coventry,432807,279689,-1.51908004,52.41423035,98298728.63,47802.51611,307730,128592,40148,40638,20733,16646,40638,2.4
283,E08000027,Dudley,Dudley,393191,288584,-2.10171008,52.49512863,97283328.13,64475.85578,310398,129867,36652,45175,21746,17603,45175,2.4
284,E08000028,Sandwell,Sandwell,399573,290764,-2.00770998,52.51477051,85270648.27,51734.48113,305928,121498,35935,35998,20756,16496,35998,2.5
285,E08000029,Solihull,Solihull,419434,281483,-1.71557999,52.43099976,178367378.9,88779.92908,205087,86056,25102,29037,13668,12583,29037,2.4
286,E08000030,Walsall,Walsall,402098,300804,-1.97044003,52.60503006,104837483.8,53047.47768,267397,107822,30771,35208,17410,14457,35208,2.5
287,E08000031,Wolverhampton,Wolverhampton,391463,300016,-2.12746,52.59788132,69377247.79,46799.86195,245526,102177,32876,31053,16224,13054,31053,2.4
288,E08000032,Bradford,Bradford,408395,438626,-1.87389004,53.84381866,367283742.7,122330.943,515315,199296,58934,60941,29949,25313,60941,2.6
289,E08000033,Calderdale,Calderdale,402617,424896,-1.96182001,53.72048187,363640734.8,98956.33891,202376,88621,29023,30183,13197,10711,30183,2.3
290,E08000034,Kirklees,Kirklees,414586,416223,-1.78085005,53.64233017,408735978.9,111671.1753,416840,173525,52553,58412,26257,22372,58412,2.4
291,E08000035,Leeds,Leeds,432528,436384,-1.50735998,53.82273102,551441196,143058.5437,731373,320596,106739,108020,47243,37941,108020,2.3
292,E08000036,Wakefield,Wakefield,438366,418235,-1.42092001,53.65922165,339430808.5,97037.3568,322264,140414,41640,50597,23340,17568,50597,2.3
293,E08000020,Gateshead,Gateshead,420168,559658,-1.6868,54.93119812,143007476.4,71733.81599,197726,89154,29313,31486,14011,10277,31486,2.2
294,E09000001,City of London,City of London,532382,181358,-0.09351,51.51564026,2927690.238,7742.809624,7187,4385,2472,1356,339,153,1356,1.6
295,E09000002,Barking and Dagenham,Barking and Dagenham,547759,185107,0.12950601,51.54552078,36229484.06,32927.71255,184901,69681,19215,18641,12616,10516,18641,2.7
296,E09000003,Barnet,Barnet,523472,191753,-0.21821,51.61108017,86960293.44,44364.63167,352597,135916,37957,38861,23078,21249,38861,2.6
297,E09000004,Bexley,Bexley,549202,175433,0.146212,51.45820999,60858259.8,40110.79342,230902,92604,25789,28734,15633,14650,28734,2.5
298,E09000005,Brent,Brent,519615,186468,-0.27568001,51.56441116,43362537.11,35111.83234,308895,110286,30616,26666,19007,16509,26666,2.8
299,E09000006,Bromley,Bromley,542036,165708,0.039246,51.37266922,149735522.3,67571.09842,307023,130862,40815,41993,21331,18166,41993,2.3
300,E09000007,Camden,Camden,527492,184284,-0.16289,51.5430603,21312899.76,23418.78687,212443,97534,39531,28215,13085,10245,28215,2.2
301,E09000008,Croydon,Croydon,533922,164745,-0.07761,51.36597824,86964656.04,51255.92826,360230,145010,43043,43020,25094,20435,43020,2.5
302,E09000009,Ealing,Ealing,517057,181960,-0.31406999,51.52442932,55404782.59,42970.30681,334725,124082,35329,31666,21170,19108,31666,2.7
303,E09000010,Enfield,Enfield,532829,196197,-0.08147,51.64888,82368063.38,38674.03416,310066,119916,33359,33792,20930,19313,33792,2.6
304,E09000011,Greenwich,Greenwich,542508,175881,0.050108,51.46395874,47511413.04,41524.3673,249991,101045,32370,28490,16256,13828,28490,2.5
305,E09000012,Hackney,Hackney,534560,185787,-0.06045,51.5549202,19195007.49,23103.89513,244433,101690,35635,28827,16124,11336,28827,2.4
306,E09000013,Hammersmith and Fulham,Hammersmith and Fulham,523866,177998,-0.21736,51.48736954,16850097.7,22162.22625,180652,80590,30148,24049,11863,9029,24049,2.2
307,E09000014,Haringey,Haringey,531262,189349,-0.10667,51.58771133,29982504.08,26410.15383,253236,101955,32524,29431,16563,12753,29431,2.5
308,E09000015,Harrow,Harrow,515356,189736,-0.33603001,51.59466934,50479360.27,31799.66436,236970,84268,19008,23449,14861,15376,23449,2.8
309,E09000016,Havering,Havering,555032,187514,0.235368,51.56518936,112555973.1,58239.19955,235671,97199,28215,31228,16132,14344,31228,2.4
310,E09000017,Hillingdon,Hillingdon,508166,183120,-0.44182,51.53662872,115959959.5,57368.12705,267227,100214,25290,29274,17348,16715,29274,2.7
311,E09000018,Hounslow,Hounslow,512744,174965,-0.37843999,51.46242905,56992523.37,51745.74969,251961,94902,25985,26019,16929,14224,26019,2.7
312,E09000019,Islington,Islington,531158,184647,-0.10992,51.54547882,15056945.2,18960.9194,200134,93556,36240,30161,13394,8400,30161,2.1
313,E09000020,Kensington and Chelsea,Kensington and Chelsea,525757,179053,-0.18976,51.49644089,11967210.06,18807.505,155939,78536,36524,22823,8855,6348,22823,2
314,E09000021,Kingston upon Thames,Kingston upon Thames,519508,167389,-0.28367001,51.39295959,37290006.61,34497.90761,156358,63639,18198,19807,10964,9719,19807,2.5
315,E09000022,Lambeth,Lambeth,531118,175626,-0.11385,51.46442032,26566492.44,31072.05385,300101,130017,44691,39789,21164,14670,39789,2.3
316,E09000023,Lewisham,Lewisham,537889,173344,-0.01733,51.44231033,35526418.15,34379.808,273342,116091,39680,34220,17931,14707,34220,2.4
317,E09000024,Merton,Merton,526069,169507,-0.18866999,51.41056824,37378437.75,29195.05836,198217,78757,22294,23958,13311,11747,23958,2.5
318,E09000025,Newham,Newham,540721,183327,0.027369,51.53131866,36468218.67,28588.85182,306009,101519,26536,22164,16502,15211,22164,3
319,E09000026,Redbridge,Redbridge,543512,189478,0.070085,51.58589172,56167762.7,40979.96605,277323,99105,25228,25902,16873,16194,25902,2.8
320,E09000027,Richmond upon Thames,Richmond upon Thames,519005,172648,-0.28913999,51.44033051,58287204.77,47620.51513,184098,79835,26008,25479,12428,11198,25479,2.3
321,E09000028,Southwark,Southwark,533945,175863,-0.07309,51.46588898,28819249.3,30167.67661,282560,120422,40307,36090,20904,13688,36090,2.3
322,E09000029,Sutton,Sutton,527356,163640,-0.17227,51.3575592,44257621.57,35049.46356,188695,78174,23749,23697,13350,11593,23697,2.4
323,E09000030,Tower Hamlets,Tower Hamlets,536345,181451,-0.0364,51.51552963,19652343.42,24338.78418,250343,101257,35047,30440,13223,10124,30440,2.5
324,E09000031,Waltham Forest,Waltham Forest,537327,190277,-0.01881,51.59460831,38925040.92,29759.38829,256615,96861,28756,24330,16875,14428,24330,2.6
325,E09000032,Wandsworth,Wandsworth,525152,174137,-0.20021001,51.45238876,35074999.07,34828.57699,301648,130493,42106,43894,19970,15575,43894,2.3
326,E09000033,Westminster,Westminster,528268,180871,-0.15295,51.51221085,21561271.65,24259.09963,213208,105772,47893,31340,12507,8301,31340,2
327,S12000005,Clackmannanshire,Clackmannanshire,291159,696335,-3.7534399,56.14723969,159238733.2,82983.59344,50439,22734,7313,8149,3631,2585,8149,2.2
328,S12000006,Dumfries and Galloway,Dumfries and Galloway,270645,579857,-4.02862978,55.09621811,6435691530,846168.7706,149341,67980,22124,25469,9557,7585,25469,2.2
329,S12000008,East Ayrshire,East Ayrshire,255398,624935,-4.29056978,55.49673843,1271164363,297420.0861,121306,53919,17125,18736,8895,6643,18736,2.2
330,S12000010,East Lothian,East Lothian,354854,672351,-2.72434998,55.94207001,679932424.4,163939.738,97819,42905,13139,15190,6739,5742,15190,2.3
331,S12000011,East Renfrewshire,East Renfrewshire,251929,653115,-4.36059999,55.74868011,173955621.6,82277.99094,89988,37225,11239,11485,5869,5979,11485,2.4
332,S12000013,Na h-Eileanan Siar,Na h-Eileanan Siar,126473,932862,-6.65721989,58.19937897,3064380742,2289958.241,27318,12576,4679,4051,1841,1280,4051,2.2
333,S12000014,Falkirk,Falkirk,289661,679536,-3.77060008,55.99604034,296505115.5,127024.1298,154192,68732,21788,24102,11193,8561,24102,2.2
334,S12000015,Fife,Fife,339197,704726,-2.98235011,56.23117065,1325236958,285586.9761,357440,160952,51239,58921,24700,18600,58921,2.2
335,S12000017,Highland,Highland,241026,858306,-4.66091013,57.586689,26138186064,3715066.601,228364,102091,32378,37460,15135,11740,37460,2.2
336,S12000018,Inverclyde,Inverclyde,227922,670899,-4.75387001,55.90034866,161900134.2,66864.50468,80261,37434,14394,11297,5775,4322,11297,2.1
337,S12000019,Midlothian,Midlothian,330088,659217,-3.1173799,55.82110977,354719591.6,117013.0246,82257,34978,9593,12697,6018,4752,12697,2.4
338,S12000020,Moray,Moray,328024,843593,-3.20186996,57.47682953,2238802516,376515.2161,91203,40062,12053,14894,5937,5033,14894,2.3
339,S12000021,North Ayrshire,North Ayrshire,228984,651640,-4.7247901,55.72787857,884146153.7,291343.356,136609,62498,21610,21513,9446,6976,21513,2.2
340,S12000023,Orkney Islands,Orkney Islands,348291,1006584,-2.90028,58.9433403,1008116113,905733.6724,21151,9725,3351,3522,1297,1076,3522,2.2
341,S12000024,Perth and Kinross,Perth and Kinross,284304,744186,-3.88479996,56.57529068,5382619587,546001.8459,142139,64777,20875,24439,9239,7283,24439,2.2
342,S12000026,Scottish Borders,Scottish Borders,345891,626135,-2.85865998,55.52593994,4740847709,456342.6771,112589,52498,18043,19547,6963,5745,19547,2.1
343,S12000027,Shetland Islands,Shetland Islands,434516,1180307,-1.37344003,60.50495148,1451110179,1458969.758,22981,9950,3189,3430,1387,1238,3430,2.3
344,S12000028,South Ayrshire,South Ayrshire,226544,596270,-4.72901011,55.23006821,1224358501,272658.2801,111270,51286,17380,18513,7486,5720,18513,2.2
345,S12000029,South Lanarkshire,South Lanarkshire,284634,636071,-3.83272004,55.60453033,1774943438,260464.1702,310501,139188,46648,46026,22556,17483,46026,2.2
346,S12000030,Stirling,Stirling,255980,708769,-4.32595015,56.24953079,2255003268,309825.7101,85874,37566,11505,13294,5850,4926,13294,2.3
347,S12000033,Aberdeen City,Aberdeen City,387763,808478,-2.20397997,57.1669693,185554298.9,102800.4708,214243,103371,39219,35942,14620,9787,35942,2.1
348,S12000034,Aberdeenshire,Aberdeenshire,352286,816276,-2.79204988,57.23468018,6316882541,622753.5311,250471,104714,27728,38132,17034,15496,38132,2.4
349,S12000035,Argyll and Bute,Argyll and Bute,200740,715442,-5.22113991,56.28942871,6982549741,2654229.378,85694,40125,14273,14619,5210,4141,14619,2.1
350,S12000036,City of Edinburgh,City of Edinburgh,320193,669416,-3.27825999,55.91119003,263770918.5,95782.02361,462334,223051,87176,74692,30484,21888,74692,2.1
351,S12000038,Renfrewshire,Renfrewshire,239305,664698,-4.56833982,55.84862137,261411609.5,98782.99195,172717,80902,31226,24691,12156,9439,24691,2.1
352,S12000039,West Dunbartonshire,West Dunbartonshire,242904,681587,-4.52074003,56.00141144,176923676.3,83019.12713,90028,42167,16163,12947,6552,4704,12947,2.1
353,S12000040,West Lothian,West Lothian,299483,668514,-3.60909009,55.89920044,429677640.7,121056.8309,173312,73398,20911,24941,12939,10535,24941,2.4
354,S12000041,Angus,Angus,345518,759594,-2.89189005,56.72480011,2185314163,279464.0187,114445,51616,16587,18888,7550,6228,18888,2.2
355,S12000042,Dundee City,Dundee City,340291,732145,-2.97094989,56.4776001,59430430.33,43296.89808,142101,69193,27955,22424,9779,6309,22424,2.1
356,S12000044,North Lanarkshire,North Lanarkshire,277984,665608,-3.95140004,55.86814117,471681167.6,147724.4652,335317,145998,46842,46659,25225,19317,46659,2.3
357,S12000045,East Dunbartonshire,East Dunbartonshire,261240,676154,-4.22417021,55.9582901,174471580.1,89710.12318,104431,43473,12333,14287,7254,6963,14287,2.4
358,S12000046,Glasgow City,Glasgow City,261534,667033,-4.21478987,55.87649155,175623375.1,110072.084,578251,285693,123236,86701,39174,24253,86701,2
359,W06000001,Isle of Anglesey,Ynys Mon,245222,378346,-4.32290983,53.27944946,713618284.6,245229.7196,68941,30594,9888,10941,4380,3541,10941,2.3
360,W06000002,Gwynedd,Gwynedd,277968,334967,-3.8155899,52.89825821,2550405543,480301.9685,117974,52473,18548,17299,6990,5954,17299,2.2
361,W06000003,Conwy,Conwy,283293,362562,-3.74645996,53.14738846,1131229634,224811.8851,112531,51177,17297,18668,6881,5529,18668,2.2
362,W06000004,Denbighshire,Sir Ddinbych,309843,355416,-3.34761,53.08832932,837267108.6,202985.0024,92483,40546,12714,14668,5783,4890,14668,2.3
363,W06000005,Flintshire,Sir y Fflint,321564,369303,-3.17604995,53.21498108,438206131,158252.0119,151679,63781,17477,23014,10427,8845,23014,2.4
364,W06000006,Wrexham,Wrecsam,333523,345387,-2.99202991,53.00167084,503283824.5,167134.552,133244,57029,16817,19782,9421,7708,19782,2.3
365,W06000008,Ceredigion,Ceredigion,267126,268437,-3.94993997,52.29795074,1791285156,291443.1693,71444,31562,10456,11257,4267,3413,11257,2.3
366,W06000009,Pembrokeshire,Sir Benfro,199821,221391,-4.90818024,51.85512161,1616657452,494141.0993,120545,53122,16392,19972,7352,6153,19972,2.3
367,W06000010,Carmarthenshire,Sir Gaerfyrddin,247954,224133,-4.2111001,51.89495087,2370190259,399489.4214,181227,78829,23770,28636,12131,9558,28636,2.3
368,W06000011,Swansea,Abertawe,264022,197308,-3.96723008,51.65805817,378211938.9,168349.2285,234363,103497,34485,34757,15533,12524,34757,2.3
369,W06000012,Neath Port Talbot,Castell-nedd Port Talbot,279261,195412,-3.74638009,51.64450073,443297606.2,139930.5118,138682,60393,18259,20910,10326,7835,20910,2.3
370,W06000013,Bridgend,Pen-y-bont ar Ogwr,288242,185868,-3.61359,51.56058121,250512008.9,81067.08399,136842,58515,16472,20919,10151,7791,20919,2.3
371,W06000014,Vale of Glamorgan,Bro Morgannwg,302946,173083,-3.39803004,51.44837952,332205301.3,94614.58196,124259,53505,15851,18868,8654,6988,18868,2.3
372,W06000015,Cardiff,Caerdydd,315270,178887,-3.22212005,51.50254059,141913733.9,63217.74015,334551,142557,47141,45206,21363,17882,45206,2.3
373,W06000016,Rhondda Cynon Taf,Rhondda Cynon Taf,302237,192395,-3.41358995,51.62184906,422982111.1,117003.803,231885,99663,29875,33674,17205,13365,33674,2.3
374,W06000018,Caerphilly,Caerffili,317245,195259,-3.19753003,51.65000916,278104395.8,103287.1443,177755,74479,20196,26235,13195,10278,26235,2.4
375,W06000019,Blaenau Gwent,Blaenau Gwent,318236,206771,-3.18592,51.75363922,109017968.1,60985.94773,69239,30416,9608,10185,5364,3716,10185,2.3
376,W06000020,Torfaen,Torfaen,327459,200480,-3.05100989,51.69836044,126051123.4,72835.06154,90360,38524,11163,13408,6547,5156,13408,2.3
377,W06000021,Monmouthshire,Sir Fynwy,337812,209231,-2.90280008,51.77827072,849445363.4,195705.2554,89694,38233,10592,14388,5862,5084,14388,2.3
378,W06000022,Newport,Casnewydd,337897,187433,-2.89769006,51.58232117,190782779.3,119594.2488,144103,61172,18849,20359,9596,8065,20359,2.4
379,W06000023,Powys,Powys,302328,273254,-3.43532991,52.348629,5195778993,535164.7863,131047,58345,18359,22160,7770,6562,22160,2.2
380,W06000024,Merthyr Tydfil,Merthyr Tudful,305916,206424,-3.36424994,51.74858093,112187962.6,61276.32821,58334,24264,6559,8321,4454,3441,8321,2.4